{"cameraMode":{"drawMode":0,"name":"Shaded","section":"Shading Mode"},"sceneLighting":false,"audioPlay":false,"sceneViewState":{"showFog":true,"showMaterialUpdate":false,"showSkybox":true,"showFlares":true,"showImageEffects":true,"showParticleSystems":true},"in2DMode":false,"pivot":{"x":-16.43657112121582,"y":5.773719787597656,"z":17.52908706665039},"rotation":{"x":0.10154326260089874,"y":-0.6179909706115723,"z":0.08092062920331955,"w":0.7754010558128357},"size":4.041658401489258,"orthographic":false}